{
  "id": {
    "providerName": "admin",
    "apiName": "first",
    "version": "1.0.0"
  },
  "uuid": "885d9e3c-2858-4607-9ff7-3da2d903cf7b",
  "type": "HTTP",
  "context": "/first/1.0.0",
  "contextTemplate": "/first/{version}",
  "tags": [],
  "documents": [],
  "lastUpdated": "Mar 20, 2019 1:42:23 PM",
  "availableTiers": [
    {
      "name": "Gold",
      "displayName": "Gold",
      "description": "Allows 5000 requests per minute",
      "requestsPerMin": 5000,
      "requestCount": 5000,
      "unitTime": 1,
      "timeUnit": "min",
      "tierPlan": "FREE",
      "stopOnQuotaReached": true
    }
  ],
  "availableSubscriptionLevelPolicies": [],
  "uriTemplates": [
    {
      "uriTemplate": "/countries/{code}",
      "httpVerb": "GET",
      "authType": "Any",
      "httpVerbs": [
        "GET"
      ],
      "authTypes": [
        "Any"
      ],
      "throttlingConditions": [],
      "throttlingTier": "Unlimited",
      "throttlingTiers": [
        "Unlimited"
      ],
      "mediationScript": "null",
      "scopes": [
        null
      ],
      "mediationScripts": {}
    }
  ],
  "apiHeaderChanged": false,
  "apiResourcePatternsChanged": false,
  "status": "CREATED",
  "visibility": "public",
  "endpointSecured": false,
  "endpointAuthDigest": false,
  "transports": "http,https",
  "outSequence": "xml_to_json_out_message",
  "faultSequence": "debug_json_fault",
  "advertiseOnly": false,
  "corsConfiguration": {
    "corsConfigurationEnabled": false,
    "accessControlAllowOrigins": [
      "*"
    ],
    "accessControlAllowCredentials": false,
    "accessControlAllowHeaders": [
      "authorization",
      "Access-Control-Allow-Origin",
      "Content-Type",
      "SOAPAction"
    ],
    "accessControlAllowMethods": [
      "GET",
      "PUT",
      "POST",
      "DELETE",
      "PATCH",
      "OPTIONS"
    ]
  },
  "endpointConfig": "{\"production_endpoints\":{\"url\":\"http://api.worldbank.org\",\"config\":null,\"template_not_supported\":false},\"endpoint_type\":\"http\"}",
  "responseCache": "Disabled",
  "cacheTimeout": 300,
  "implementation": "ENDPOINT",
  "scopes": [],
  "isDefaultVersion": false,
  "isPublishedDefaultVersion": false,
  "environments": [
    "Production and Sandbox"
  ],
  "createdTime": "1553081036728",
  "additionalProperties": {},
  "environmentList": [
    "PRODUCTION"
  ],
  "accessControl": "all",
  "rating": 0.0,
  "isLatest": true
}