{
  "swagger": "2.0",
  "paths": {
    "/countries/{code}": {
      "get": {
        "parameters": [
          {
            "name": "code",
            "in": "path",
            "required": true,
            "type": "string"
          }
        ],
        "responses": {
          "200": {
            "description": ""
          }
        },
        "x-auth-type": "Application \u0026 Application User",
        "x-throttling-tier": "Unlimited"
      }
    }
  },
  "info": {
    "title": "first",
    "version": "1.0.0"
  }
}